{
  
    "myads": {
		
	  "_status_reward": "ADMOB",
	  "_status_banner_native": "ADMOB",
	  "_admob_app_id": "ca-app-pub-3940256099942544~3347511713",
	  "_admob_reward": "ca-app-pub-3940256099942544/5224354917",
      "_admob_banner": "ca-app-pub-3940256099942544/6300978111",
      "_admob_Native": "ca-app-pub-3940256099942544/2247696110",
	  "_applovin_banner": "296685bbed39d4f9",
      "_applovin_reward": "3ece17d5a85411f6",
	  "_maxNative": "4b3b3d32a7a2e7d1",
      "_test_mode": "yes",
      "_unityGameID": "4710101",
	  "_ironsource": "1632ba565",
	  "_gameUrl": "https://html5.gamedistribution.com/3a26d525f4944aaa90155412d31af8b0/",
	  "_currency_name": "points",
      "_currency_cost": "20"
      
    }
  
}