{
  "project_info": {
    "project_number": "699117104968",
    "firebase_url": "https://wheel-duel-default-rtdb.firebaseio.com",
    "project_id": "wheel-duel",
    "storage_bucket": "wheel-duel.appspot.com"
  },
  "client": [
    {
      "client_info": {
        "mobilesdk_app_id": "1:699117104968:android:57e443a391151f42870d7d",
        "android_client_info": {
          "package_name": "com.html5.wheel_duel"
        }
      },
      "oauth_client": [
        {
          "client_id": "699117104968-5h7knl98n0iufvqlp9ornvjlo220v3d7.apps.googleusercontent.com",
          "client_type": 3
        }
      ],
      "api_key": [
        {
          "current_key": "AIzaSyDEsvOgaLCMBK13jA-GCiDxvGFwZeyBWqw"
        }
      ],
      "services": {
        "appinvite_service": {
          "other_platform_oauth_client": [
            {
              "client_id": "699117104968-5h7knl98n0iufvqlp9ornvjlo220v3d7.apps.googleusercontent.com",
              "client_type": 3
            }
          ]
        }
      }
    }
  ],
  "configuration_version": "1"
}